{"name":"Thành phố Hà Nội","code":1,"division_type":"thành phố trung ương","codename":"ha_noi","phone_code":24,"wards":[{"name":"Phường Ba Đình","code":4,"division_type":"phường","codename":"phuong_ba_dinh","province_code":1},{"name":"Phường Ngọc Hà","code":8,"division_type":"phường","codename":"phuong_ngoc_ha","province_code":1},{"name":"Phường Giảng Võ","code":25,"division_type":"phường","codename":"phuong_giang_vo","province_code":1},{"name":"Phường Hoàn Kiếm","code":70,"division_type":"phường","codename":"phuong_hoan_kiem","province_code":1},{"name":"Phường Cửa Nam","code":82,"division_type":"phường","codename":"phuong_cua_nam","province_code":1},{"name":"Phường Phú Thượng","code":91,"division_type":"phường","codename":"phuong_phu_thuong","province_code":1},{"name":"Phường Hồng Hà","code":97,"division_type":"phường","codename":"phuong_hong_ha","province_code":1},{"name":"Phường Tây Hồ","code":103,"division_type":"phường","codename":"phuong_tay_ho","province_code":1},{"name":"Phường Bồ Đề","code":118,"division_type":"phường","codename":"phuong_bo_de","province_code":1},{"name":"Phường Việt Hưng","code":127,"division_type":"phường","codename":"phuong_viet_hung","province_code":1},{"name":"Phường Phúc Lợi","code":136,"division_type":"phường","codename":"phuong_phuc_loi","province_code":1},{"name":"Phường Long Biên","code":145,"division_type":"phường","codename":"phuong_long_bien","province_code":1},{"name":"Phường Nghĩa Đô","code":160,"division_type":"phường","codename":"phuong_nghia_do","province_code":1},{"name":"Phường Cầu Giấy","code":166,"division_type":"phường","codename":"phuong_cau_giay","province_code":1},{"name":"Phường Yên Hòa","code":175,"division_type":"phường","codename":"phuong_yen_hoa","province_code":1},{"name":"Phường Ô Chợ Dừa","code":190,"division_type":"phường","codename":"phuong_o_cho_dua","province_code":1},{"name":"Phường Láng","code":199,"division_type":"phường","codename":"phuong_lang","province_code":1},{"name":"Phường Văn Miếu - Quốc Tử Giám","code":226,"division_type":"phường","codename":"phuong_van_mieu_quoc_tu_giam","province_code":1},{"name":"Phường Kim Liên","code":229,"division_type":"phường","codename":"phuong_kim_lien","province_code":1},{"name":"Phường Đống Đa","code":235,"division_type":"phường","codename":"phuong_dong_da","province_code":1},{"name":"Phường Hai Bà Trưng","code":256,"division_type":"phường","codename":"phuong_hai_ba_trung","province_code":1},{"name":"Phường Vĩnh Tuy","code":283,"division_type":"phường","codename":"phuong_vinh_tuy","province_code":1},{"name":"Phường Bạch Mai","code":292,"division_type":"phường","codename":"phuong_bach_mai","province_code":1},{"name":"Phường Vĩnh Hưng","code":301,"division_type":"phường","codename":"phuong_vinh_hung","province_code":1},{"name":"Phường Định Công","code":316,"division_type":"phường","codename":"phuong_dinh_cong","province_code":1},{"name":"Phường Tương Mai","code":322,"division_type":"phường","codename":"phuong_tuong_mai","province_code":1},{"name":"Phường Lĩnh Nam","code":328,"division_type":"phường","codename":"phuong_linh_nam","province_code":1},{"name":"Phường Hoàng Mai","code":331,"division_type":"phường","codename":"phuong_hoang_mai","province_code":1},{"name":"Phường Hoàng Liệt","code":337,"division_type":"phường","codename":"phuong_hoang_liet","province_code":1},{"name":"Phường Yên Sở","code":340,"division_type":"phường","codename":"phuong_yen_so","province_code":1},{"name":"Phường Phương Liệt","code":352,"division_type":"phường","codename":"phuong_phuong_liet","province_code":1},{"name":"Phường Khương Đình","code":364,"division_type":"phường","codename":"phuong_khuong_dinh","province_code":1},{"name":"Phường Thanh Xuân","code":367,"division_type":"phường","codename":"phuong_thanh_xuan","province_code":1},{"name":"Xã Sóc Sơn","code":376,"division_type":"xã","codename":"xa_soc_son","province_code":1},{"name":"Xã Kim Anh","code":382,"division_type":"xã","codename":"xa_kim_anh","province_code":1},{"name":"Xã Trung Giã","code":385,"division_type":"xã","codename":"xa_trung_gia","province_code":1},{"name":"Xã Đa Phúc","code":430,"division_type":"xã","codename":"xa_da_phuc","province_code":1},{"name":"Xã Nội Bài","code":433,"division_type":"xã","codename":"xa_noi_bai","province_code":1},{"name":"Xã Đông Anh","code":454,"division_type":"xã","codename":"xa_dong_anh","province_code":1},{"name":"Xã Phúc Thịnh","code":466,"division_type":"xã","codename":"xa_phuc_thinh","province_code":1},{"name":"Xã Thư Lâm","code":475,"division_type":"xã","codename":"xa_thu_lam","province_code":1},{"name":"Xã Thiên Lộc","code":493,"division_type":"xã","codename":"xa_thien_loc","province_code":1},{"name":"Xã Vĩnh Thanh","code":508,"division_type":"xã","codename":"xa_vinh_thanh","province_code":1},{"name":"Xã Phù Đổng","code":541,"division_type":"xã","codename":"xa_phu_dong","province_code":1},{"name":"Xã Thuận An","code":562,"division_type":"xã","codename":"xa_thuan_an","province_code":1},{"name":"Xã Gia Lâm","code":565,"division_type":"xã","codename":"xa_gia_lam","province_code":1},{"name":"Xã Bát Tràng","code":577,"division_type":"xã","codename":"xa_bat_trang","province_code":1},{"name":"Phường Từ Liêm","code":592,"division_type":"phường","codename":"phuong_tu_liem","province_code":1},{"name":"Phường Thượng Cát","code":598,"division_type":"phường","codename":"phuong_thuong_cat","province_code":1},{"name":"Phường Đông Ngạc","code":602,"division_type":"phường","codename":"phuong_dong_ngac","province_code":1},{"name":"Phường Xuân Đỉnh","code":611,"division_type":"phường","codename":"phuong_xuan_dinh","province_code":1},{"name":"Phường Tây Tựu","code":613,"division_type":"phường","codename":"phuong_tay_tuu","province_code":1},{"name":"Phường Phú Diễn","code":619,"division_type":"phường","codename":"phuong_phu_dien","province_code":1},{"name":"Phường Xuân Phương","code":622,"division_type":"phường","codename":"phuong_xuan_phuong","province_code":1},{"name":"Phường Tây Mỗ","code":634,"division_type":"phường","codename":"phuong_tay_mo","province_code":1},{"name":"Phường Đại Mỗ","code":637,"division_type":"phường","codename":"phuong_dai_mo","province_code":1},{"name":"Xã Thanh Trì","code":640,"division_type":"xã","codename":"xa_thanh_tri","province_code":1},{"name":"Phường Thanh Liệt","code":643,"division_type":"phường","codename":"phuong_thanh_liet","province_code":1},{"name":"Xã Đại Thanh","code":664,"division_type":"xã","codename":"xa_dai_thanh","province_code":1},{"name":"Xã Ngọc Hồi","code":679,"division_type":"xã","codename":"xa_ngoc_hoi","province_code":1},{"name":"Xã Nam Phù","code":685,"division_type":"xã","codename":"xa_nam_phu","province_code":1},{"name":"Xã Yên Xuân","code":4930,"division_type":"xã","codename":"xa_yen_xuan","province_code":1},{"name":"Xã Quang Minh","code":8974,"division_type":"xã","codename":"xa_quang_minh","province_code":1},{"name":"Xã Yên Lãng","code":8980,"division_type":"xã","codename":"xa_yen_lang","province_code":1},{"name":"Xã Tiến Thắng","code":8995,"division_type":"xã","codename":"xa_tien_thang","province_code":1},{"name":"Xã Mê Linh","code":9022,"division_type":"xã","codename":"xa_me_linh","province_code":1},{"name":"Phường Kiến Hưng","code":9552,"division_type":"phường","codename":"phuong_kien_hung","province_code":1},{"name":"Phường Hà Đông","code":9556,"division_type":"phường","codename":"phuong_ha_dong","province_code":1},{"name":"Phường Yên Nghĩa","code":9562,"division_type":"phường","codename":"phuong_yen_nghia","province_code":1},{"name":"Phường Phú Lương","code":9568,"division_type":"phường","codename":"phuong_phu_luong","province_code":1},{"name":"Phường Sơn Tây","code":9574,"division_type":"phường","codename":"phuong_son_tay","province_code":1},{"name":"Phường Tùng Thiện","code":9604,"division_type":"phường","codename":"phuong_tung_thien","province_code":1},{"name":"Xã Đoài Phương","code":9616,"division_type":"xã","codename":"xa_doai_phuong","province_code":1},{"name":"Xã Quảng Oai","code":9619,"division_type":"xã","codename":"xa_quang_oai","province_code":1},{"name":"Xã Cổ Đô","code":9634,"division_type":"xã","codename":"xa_co_do","province_code":1},{"name":"Xã Minh Châu","code":9661,"division_type":"xã","codename":"xa_minh_chau","province_code":1},{"name":"Xã Vật Lại","code":9664,"division_type":"xã","codename":"xa_vat_lai","province_code":1},{"name":"Xã Bất Bạt","code":9676,"division_type":"xã","codename":"xa_bat_bat","province_code":1},{"name":"Xã Suối Hai","code":9694,"division_type":"xã","codename":"xa_suoi_hai","province_code":1},{"name":"Xã Ba Vì","code":9700,"division_type":"xã","codename":"xa_ba_vi","province_code":1},{"name":"Xã Yên Bài","code":9706,"division_type":"xã","codename":"xa_yen_bai","province_code":1},{"name":"Xã Phúc Thọ","code":9715,"division_type":"xã","codename":"xa_phuc_tho","province_code":1},{"name":"Xã Phúc Lộc","code":9739,"division_type":"xã","codename":"xa_phuc_loc","province_code":1},{"name":"Xã Hát Môn","code":9772,"division_type":"xã","codename":"xa_hat_mon","province_code":1},{"name":"Xã Đan Phượng","code":9784,"division_type":"xã","codename":"xa_dan_phuong","province_code":1},{"name":"Xã Liên Minh","code":9787,"division_type":"xã","codename":"xa_lien_minh","province_code":1},{"name":"Xã Ô Diên","code":9817,"division_type":"xã","codename":"xa_o_dien","province_code":1},{"name":"Xã Hoài Đức","code":9832,"division_type":"xã","codename":"xa_hoai_duc","province_code":1},{"name":"Xã Dương Hòa","code":9856,"division_type":"xã","codename":"xa_duong_hoa","province_code":1},{"name":"Xã Sơn Đồng","code":9871,"division_type":"xã","codename":"xa_son_dong","province_code":1},{"name":"Xã An Khánh","code":9877,"division_type":"xã","codename":"xa_an_khanh","province_code":1},{"name":"Phường Dương Nội","code":9886,"division_type":"phường","codename":"phuong_duong_noi","province_code":1},{"name":"Xã Quốc Oai","code":9895,"division_type":"xã","codename":"xa_quoc_oai","province_code":1},{"name":"Xã Kiều Phú","code":9910,"division_type":"xã","codename":"xa_kieu_phu","province_code":1},{"name":"Xã Hưng Đạo","code":9931,"division_type":"xã","codename":"xa_hung_dao","province_code":1},{"name":"Xã Phú Cát","code":9952,"division_type":"xã","codename":"xa_phu_cat","province_code":1},{"name":"Xã Thạch Thất","code":9955,"division_type":"xã","codename":"xa_thach_that","province_code":1},{"name":"Xã Hạ Bằng","code":9982,"division_type":"xã","codename":"xa_ha_bang","province_code":1},{"name":"Xã Hòa Lạc","code":9988,"division_type":"xã","codename":"xa_hoa_lac","province_code":1},{"name":"Xã Tây Phương","code":10003,"division_type":"xã","codename":"xa_tay_phuong","province_code":1},{"name":"Phường Chương Mỹ","code":10015,"division_type":"phường","codename":"phuong_chuong_my","province_code":1},{"name":"Xã Phú Nghĩa","code":10030,"division_type":"xã","codename":"xa_phu_nghia","province_code":1},{"name":"Xã Xuân Mai","code":10045,"division_type":"xã","codename":"xa_xuan_mai","province_code":1},{"name":"Xã Quảng Bị","code":10072,"division_type":"xã","codename":"xa_quang_bi","province_code":1},{"name":"Xã Trần Phú","code":10081,"division_type":"xã","codename":"xa_tran_phu","province_code":1},{"name":"Xã Hòa Phú","code":10096,"division_type":"xã","codename":"xa_hoa_phu","province_code":1},{"name":"Xã Thanh Oai","code":10114,"division_type":"xã","codename":"xa_thanh_oai","province_code":1},{"name":"Xã Bình Minh","code":10126,"division_type":"xã","codename":"xa_binh_minh","province_code":1},{"name":"Xã Tam Hưng","code":10144,"division_type":"xã","codename":"xa_tam_hung","province_code":1},{"name":"Xã Dân Hòa","code":10180,"division_type":"xã","codename":"xa_dan_hoa","province_code":1},{"name":"Xã Thường Tín","code":10183,"division_type":"xã","codename":"xa_thuong_tin","province_code":1},{"name":"Xã Hồng Vân","code":10210,"division_type":"xã","codename":"xa_hong_van","province_code":1},{"name":"Xã Thượng Phúc","code":10231,"division_type":"xã","codename":"xa_thuong_phuc","province_code":1},{"name":"Xã Chương Dương","code":10237,"division_type":"xã","codename":"xa_chuong_duong","province_code":1},{"name":"Xã Phú Xuyên","code":10273,"division_type":"xã","codename":"xa_phu_xuyen","province_code":1},{"name":"Xã Phượng Dực","code":10279,"division_type":"xã","codename":"xa_phuong_duc","province_code":1},{"name":"Xã Chuyên Mỹ","code":10330,"division_type":"xã","codename":"xa_chuyen_my","province_code":1},{"name":"Xã Đại Xuyên","code":10342,"division_type":"xã","codename":"xa_dai_xuyen","province_code":1},{"name":"Xã Vân Đình","code":10354,"division_type":"xã","codename":"xa_van_dinh","province_code":1},{"name":"Xã Ứng Thiên","code":10369,"division_type":"xã","codename":"xa_ung_thien","province_code":1},{"name":"Xã Ứng Hòa","code":10402,"division_type":"xã","codename":"xa_ung_hoa","province_code":1},{"name":"Xã Hòa Xá","code":10417,"division_type":"xã","codename":"xa_hoa_xa","province_code":1},{"name":"Xã Mỹ Đức","code":10441,"division_type":"xã","codename":"xa_my_duc","province_code":1},{"name":"Xã Phúc Sơn","code":10459,"division_type":"xã","codename":"xa_phuc_son","province_code":1},{"name":"Xã Hồng Sơn","code":10465,"division_type":"xã","codename":"xa_hong_son","province_code":1},{"name":"Xã Hương Sơn","code":10489,"division_type":"xã","codename":"xa_huong_son","province_code":1}]}